fill_id,order_id,symbol,side,qty,price,bar,commission,reference_price,slippage
twap-P-TWAP-000-F1,twap-P-TWAP-000,sh600519,BUY,788.0,8529.977654400001,1,2016.4867175001602,8528.272,1.7056544000006397
twap-P-TWAP-001-F2,twap-P-TWAP-001,sh600519,BUY,788.0,8476.6719954,2,2003.8852597125597,8474.977,1.694995399999243
twap-P-TWAP-002-F3,twap-P-TWAP-002,sh600519,BUY,788.0,8519.0014596,3,2013.8919450494398,8517.298,1.7034595999994053
twap-P-TWAP-003-F4,twap-P-TWAP-003,sh600519,BUY,788.0,8575.2337038,4,2027.18524757832,8573.519,1.7147038000002794
twap-P-TWAP-004-F5,twap-P-TWAP-004,sh600519,BUY,788.0,8527.1070804,5,2015.8081138065597,8525.402,1.705080399999133
twap-P-TWAP-005-F6,twap-P-TWAP-005,sh600519,BUY,788.0,8597.2431048,6,2032.3882699747198,8595.524,1.719104800000423
twap-P-TWAP-006-F7,twap-P-TWAP-006,sh600519,BUY,788.0,8495.303721,7,2008.2897996444,8493.605,1.6987210000006598
twap-P-TWAP-007-F8,twap-P-TWAP-007,sh600519,BUY,788.0,8554.4075394,8,2022.2619423141596,8552.697,1.7105393999991065
twap-P-TWAP-008-F9,twap-P-TWAP-008,sh600519,BUY,788.0,8458.0972812,9,1999.4941972756799,8456.406,1.691281199999139
twap-P-TWAP-009-F10,twap-P-TWAP-009,sh600519,BUY,788.0,8586.3789324,10,2029.8199796193599,8584.662,1.7169324000005872
twap-P-TWAP-010-F11,twap-P-TWAP-010,sh600519,BUY,788.0,8620.208697,11,2037.8173359707998,8618.485,1.7236969999994471
twap-P-TWAP-011-F12,twap-P-TWAP-011,sh600519,BUY,788.0,8642.1050754,12,2042.9936398245602,8640.377,1.7280754000003071
twap-P-TWAP-012-F13,twap-P-TWAP-012,sh600519,BUY,788.0,8845.758797999999,13,2091.1373798471996,8843.99,1.7687979999991512
twap-P-TWAP-013-F14,twap-P-TWAP-013,sh600519,BUY,788.0,8890.3957236,14,2101.68954905904,8888.618,1.7777236000001722
twap-P-TWAP-014-F15,twap-P-TWAP-014,sh600519,BUY,788.0,8856.6789816,15,2093.7189112502397,8854.908,1.7709816000005958
twap-P-TWAP-015-F16,twap-P-TWAP-015,sh600519,BUY,788.0,9276.0308352,16,2192.8536894412796,9274.176,1.8548351999997976
twap-P-TWAP-016-F17,twap-P-TWAP-016,sh600519,BUY,788.0,9166.267887,17,2166.9057284868,9164.435,1.8328870000004827
twap-P-TWAP-017-F18,twap-P-TWAP-017,sh600519,BUY,788.0,9149.381510399999,18,2162.9137890585594,9147.552,1.8295103999989806
twap-P-TWAP-018-F19,twap-P-TWAP-018,sh600519,BUY,788.0,9076.2618894,19,2145.62831065416,9074.447,1.8148894000005384
twap-P-TWAP-019-F20,twap-P-TWAP-019,sh600519,BUY,788.0,9106.657967399999,20,2152.8139434933596,9104.837,1.8209673999990628
twap-P-TWAP-020-F21,twap-P-TWAP-020,sh600519,BUY,788.0,9062.1330642,21,2142.2882563768794,9060.321,1.8120641999994405
twap-P-TWAP-021-F22,twap-P-TWAP-021,sh600519,BUY,788.0,9233.8143936,22,2182.87372264704,9231.968,1.846393599998919
twap-P-TWAP-022-F23,twap-P-TWAP-022,sh600519,BUY,788.0,9239.4435192,23,2184.2044479388796,9237.596,1.8475192000005336
twap-P-TWAP-023-F24,twap-P-TWAP-023,sh600519,BUY,788.0,9468.8773968,24,2238.44261660352,9466.984,1.8933968000001187
twap-P-TWAP-024-F25,twap-P-TWAP-024,sh600519,BUY,788.0,9406.058835599999,25,2223.5923087358397,9404.178,1.8808355999990454
twap-P-TWAP-025-F26,twap-P-TWAP-025,sh600519,BUY,787.0,9453.2282676,26,2231.9071939803594,9451.338,1.8902675999997882
twap-P-TWAP-026-F27,twap-P-TWAP-026,sh600519,BUY,787.0,9280.8718032,27,2191.2138327355196,9279.016,1.8558032000000821
twap-P-TWAP-027-F28,twap-P-TWAP-027,sh600519,BUY,787.0,9157.5431424,28,2162.09593592064,9155.712,1.8311424000003171
twap-P-TWAP-028-F29,twap-P-TWAP-028,sh600519,BUY,787.0,9169.363506,29,2164.8867237666,9167.53,1.8335059999990335
twap-P-TWAP-029-F30,twap-P-TWAP-029,sh600519,BUY,787.0,9173.135260199999,30,2165.7772349332195,9171.301,1.8342601999993349
twap-P-TWAP-030-F31,twap-P-TWAP-030,sh600519,BUY,787.0,9396.263877,31,2218.4579013596995,9394.385,1.8788769999991928
twap-P-TWAP-031-F32,twap-P-TWAP-031,sh600519,BUY,787.0,9382.980220799998,32,2215.3216301308794,9381.104,1.8762207999989187
twap-P-TWAP-032-F33,twap-P-TWAP-032,sh600519,BUY,787.0,9363.279281399999,33,2210.6702383385395,9361.407,1.8722813999993377
twap-P-TWAP-033-F34,twap-P-TWAP-033,sh600519,BUY,787.0,9432.4581144,34,2227.00336080984,9430.572,1.8861144000002241
twap-P-TWAP-034-F35,twap-P-TWAP-034,sh600519,BUY,787.0,9357.5941446,35,2209.3279775400597,9355.723,1.8711445999997522
twap-P-TWAP-035-F36,twap-P-TWAP-035,sh600519,BUY,787.0,9082.341105,36,2144.3407348905,9080.525,1.8161049999998795
twap-P-TWAP-036-F37,twap-P-TWAP-036,sh600519,BUY,787.0,9109.9226202,37,2150.85273062922,9108.101,1.821620200000325
twap-P-TWAP-037-F38,twap-P-TWAP-037,sh600519,BUY,787.0,9165.592752,38,2163.9964487472002,9163.76,1.832752000000255
twap-P-TWAP-038-F39,twap-P-TWAP-038,sh600519,BUY,787.0,9073.391315399998,39,2142.2276895659393,9071.577,1.8143153999990318
twap-P-TWAP-039-F40,twap-P-TWAP-039,sh600519,BUY,787.0,8968.299301199999,40,2117.4154650133196,8966.506,1.793301199999405
twap-P-TWAP-040-F41,twap-P-TWAP-040,sh600519,BUY,787.0,9147.4671276,41,2159.71698882636,9145.638,1.8291275999999925
twap-P-TWAP-041-F42,twap-P-TWAP-041,sh600519,BUY,787.0,9143.7523848,42,2158.8399380512797,9141.924,1.828384799999185
twap-P-TWAP-042-F43,twap-P-TWAP-042,sh600519,BUY,787.0,9136.9980342,43,2157.24523587462,9135.171,1.8270341999996162
twap-P-TWAP-043-F44,twap-P-TWAP-043,sh600519,BUY,787.0,9077.894215799999,44,2143.29082435038,9076.079,1.8152157999993506
twap-P-TWAP-044-F45,twap-P-TWAP-044,sh600519,BUY,787.0,9106.6019562,45,2150.06872185882,9104.781,1.820956199999273
twap-P-TWAP-045-F46,twap-P-TWAP-045,sh600519,BUY,787.0,9118.534342199999,46,2152.8859581934194,9116.711,1.823342199999388
twap-P-TWAP-046-F47,twap-P-TWAP-046,sh600519,BUY,787.0,9118.7603874,47,2152.9393274651397,9116.937,1.823387399999774
twap-P-TWAP-047-F48,twap-P-TWAP-047,sh600519,BUY,787.0,9107.164068600001,48,2150.20143659646,9105.343,1.821068600000217
twap-P-TWAP-048-F49,twap-P-TWAP-048,sh600519,BUY,787.0,9114.932622,49,2152.0355920541997,9113.11,1.8226219999996829
twap-P-TWAP-049-F50,twap-P-TWAP-049,sh600519,BUY,787.0,9290.103649199998,50,2193.3934715761193,9288.246,1.8576491999992868
twap-P-TWAP-050-F51,twap-P-TWAP-050,sh600519,BUY,787.0,9211.3549026,51,2174.80089250386,9209.513,1.84190259999923
twap-P-TWAP-051-F52,twap-P-TWAP-051,sh600519,BUY,787.0,9173.5853502,52,2165.8835011822202,9171.751,1.8343502000006993
twap-P-TWAP-052-F53,twap-P-TWAP-052,sh600519,BUY,787.0,9069.901617599999,53,2141.40377191536,9068.088,1.8136175999989064
twap-P-TWAP-053-F54,twap-P-TWAP-053,sh600519,BUY,787.0,9037.535145599999,54,2133.7620478761596,9035.728,1.8071455999997852
twap-P-TWAP-054-F55,twap-P-TWAP-054,sh600519,BUY,787.0,8981.4149238,55,2120.51206350918,8979.619,1.7959238000003097
twap-P-TWAP-055-F56,twap-P-TWAP-055,sh600519,BUY,787.0,8997.1760754,56,2124.23327140194,8995.377,1.7990754000002198
twap-P-TWAP-056-F57,twap-P-TWAP-056,sh600519,BUY,787.0,8967.8492112,57,2117.30919876432,8966.056,1.7932111999998597
twap-P-TWAP-057-F58,twap-P-TWAP-057,sh600519,BUY,787.0,8884.8236094,58,2097.7068541793396,8883.047,1.7766093999998702
twap-P-TWAP-058-F59,twap-P-TWAP-058,sh600519,BUY,787.0,8935.3707168,59,2109.64102623648,8933.584,1.7867167999993399
twap-P-TWAP-059-F60,twap-P-TWAP-059,sh600519,BUY,787.0,8879.8696188,60,2096.5372169986795,8878.094,1.7756188000003021
